product_id,warehouse_id,quantity_on_hand,quantity_reserved,reorder_point,reorder_quantity,last_restock_date,unit_cost,location_code,available_quantity,needs_reorder,inventory_value
PROD-0001,WH-EAST,403,20,58,88,2025-11-11,76.31,WH-EAST-B-43,383,False,30752.93
PROD-0001,WH-WEST,463,11,29,97,2025-11-23,23.5,WH-WEST-B-31,452,False,10880.5
PROD-0001,WH-CENTRAL,76,17,53,100,2025-12-05,101.98,WH-CENTRAL-A-20,59,False,7750.4800000000005
PROD-0002,WH-EAST,424,35,45,108,2025-11-24,99.87,WH-EAST-C-32,389,False,42344.880000000005
PROD-0002,WH-WEST,221,27,30,174,2025-10-25,16.65,WH-WEST-A-05,194,False,3679.6499999999996
PROD-0002,WH-CENTRAL,487,20,100,172,2025-10-29,61.42,WH-CENTRAL-A-34,467,False,29911.54
PROD-0003,WH-EAST,482,31,37,156,2025-11-05,7.53,WH-EAST-B-41,451,False,3629.46
PROD-0003,WH-WEST,81,21,90,129,2025-10-24,125.6,WH-WEST-C-08,60,True,10173.6
PROD-0003,WH-CENTRAL,306,8,77,122,2025-11-15,146.33,WH-CENTRAL-C-09,298,False,44776.98
PROD-0004,WH-EAST,189,36,70,66,2025-12-05,92.18,WH-EAST-B-16,153,False,17422.02
PROD-0004,WH-WEST,0,20,98,109,2025-10-09,175.02,WH-WEST-B-41,-20,True,0.0
PROD-0004,WH-CENTRAL,468,30,45,192,2025-11-15,117.56,WH-CENTRAL-B-45,438,False,55018.08
PROD-0005,WH-EAST,99,8,51,196,2025-10-09,49.64,WH-EAST-C-40,91,False,4914.36
PROD-0005,WH-WEST,121,15,72,194,2025-11-06,178.66,WH-WEST-B-33,106,False,21617.86
PROD-0005,WH-CENTRAL,0,6,59,87,2025-10-28,67.72,WH-CENTRAL-C-32,-6,True,0.0
PROD-0006,WH-WEST,141,45,28,143,2025-10-13,156.66,WH-WEST-B-16,96,False,22089.06
PROD-0006,WH-CENTRAL,114,40,10,133,2025-11-14,165.84,WH-CENTRAL-B-36,74,False,18905.760000000002
PROD-0007,WH-EAST,74,50,44,131,2025-11-05,197.13,WH-EAST-C-35,24,False,14587.619999999999
PROD-0007,WH-CENTRAL,268,32,46,113,2025-10-17,78.32,WH-CENTRAL-C-01,236,False,20989.76
PROD-0008,WH-EAST,152,16,36,86,2025-11-18,9.93,WH-EAST-C-42,136,False,1509.36
PROD-0008,WH-WEST,390,26,20,144,2025-11-07,156.28,WH-WEST-A-29,364,False,60949.2
PROD-0008,WH-CENTRAL,320,24,81,90,2025-10-29,91.61,WH-CENTRAL-B-07,296,False,29315.2
PROD-0009,WH-EAST,479,17,68,120,2025-11-24,142.73,WH-EAST-B-19,462,False,68367.67
PROD-0009,WH-WEST,83,37,26,132,2025-12-05,29.16,WH-WEST-B-36,46,False,2420.28
PROD-0009,WH-CENTRAL,244,23,28,130,2025-10-14,145.5,WH-CENTRAL-C-02,221,False,35502.0
PROD-0010,WH-EAST,321,27,92,132,2025-11-11,39.71,WH-EAST-C-49,294,False,12746.91
PROD-0010,WH-WEST,17,41,46,132,2025-10-31,152.52,WH-WEST-A-33,-24,True,2592.84
PROD-0010,WH-CENTRAL,28,46,26,177,2025-12-02,185.76,WH-CENTRAL-A-10,-18,False,5201.28
PROD-0011,WH-EAST,52,33,30,110,2025-12-01,152.16,WH-EAST-B-22,19,False,7912.32
PROD-0011,WH-CENTRAL,213,41,60,89,2025-11-01,165.45,WH-CENTRAL-A-29,172,False,35240.85
PROD-0012,WH-EAST,81,7,43,108,2025-11-21,16.02,WH-EAST-C-36,74,False,1297.62
PROD-0012,WH-WEST,12,3,92,107,2025-11-06,13.27,WH-WEST-A-49,9,True,159.24
PROD-0012,WH-CENTRAL,119,9,27,178,2025-11-16,67.98,WH-CENTRAL-C-43,110,False,8089.620000000001
PROD-0013,WH-EAST,202,1,75,124,2025-11-05,9.59,WH-EAST-C-45,201,False,1937.18
PROD-0013,WH-WEST,212,35,18,60,2025-11-24,119.99,WH-WEST-A-15,177,False,25437.879999999997
PROD-0013,WH-CENTRAL,298,31,10,139,2025-10-23,20.72,WH-CENTRAL-B-33,267,False,6174.5599999999995
PROD-0014,WH-EAST,460,10,60,104,2025-11-27,109.56,WH-EAST-C-48,450,False,50397.6
PROD-0014,WH-WEST,318,18,44,192,2025-11-13,104.62,WH-WEST-A-13,300,False,33269.16
PROD-0014,WH-CENTRAL,386,38,42,135,2025-11-24,68.78,WH-CENTRAL-B-26,348,False,26549.08
PROD-0015,WH-EAST,61,41,46,165,2025-12-05,91.88,WH-EAST-C-43,20,False,5604.679999999999
PROD-0015,WH-WEST,262,49,61,102,2025-11-25,26.98,WH-WEST-B-07,213,False,7068.76
PROD-0015,WH-CENTRAL,380,13,35,195,2025-10-20,150.72,WH-CENTRAL-C-44,367,False,57273.6
PROD-0016,WH-EAST,109,37,48,142,2025-11-07,15.6,WH-EAST-C-15,72,False,1700.3999999999999
PROD-0016,WH-WEST,290,16,37,180,2025-12-05,65.43,WH-WEST-A-12,274,False,18974.7
PROD-0016,WH-CENTRAL,440,21,36,177,2025-10-21,80.77,WH-CENTRAL-B-30,419,False,35538.799999999996
PROD-0017,WH-EAST,200,38,31,175,2025-11-06,114.36,WH-EAST-B-43,162,False,22872.0
PROD-0017,WH-WEST,438,15,19,77,2025-10-11,5.05,WH-WEST-A-40,423,False,2211.9
PROD-0017,WH-CENTRAL,25,0,45,50,2025-11-17,91.79,WH-CENTRAL-C-37,25,True,2294.75
PROD-0018,WH-EAST,492,10,22,63,2025-11-13,46.99,WH-EAST-A-28,482,False,23119.08
PROD-0018,WH-WEST,379,23,19,121,2025-11-10,132.46,WH-WEST-B-50,356,False,50202.340000000004
PROD-0018,WH-CENTRAL,17,7,48,86,2025-11-20,94.1,WH-CENTRAL-A-08,10,True,1599.6999999999998
PROD-0019,WH-EAST,0,40,97,57,2025-10-11,186.55,WH-EAST-B-12,-40,True,0.0
PROD-0019,WH-WEST,7,7,21,110,2025-11-07,174.61,WH-WEST-C-45,0,True,1222.27
PROD-0019,WH-CENTRAL,285,17,44,55,2025-10-23,114.83,WH-CENTRAL-A-47,268,False,32726.55
PROD-0020,WH-EAST,0,9,37,66,2025-11-11,137.21,WH-EAST-A-03,-9,True,0.0
PROD-0020,WH-WEST,254,27,69,155,2025-11-25,194.72,WH-WEST-C-03,227,False,49458.88
PROD-0020,WH-CENTRAL,336,4,45,122,2025-10-21,98.44,WH-CENTRAL-B-02,332,False,33075.84
PROD-0021,WH-EAST,343,17,34,110,2025-10-23,92.36,WH-EAST-A-42,326,False,31679.48
PROD-0021,WH-WEST,22,36,65,193,2025-10-23,100.26,WH-WEST-A-46,-14,True,2205.7200000000003
PROD-0021,WH-CENTRAL,434,47,16,123,2025-11-13,22.24,WH-CENTRAL-B-30,387,False,9652.16
PROD-0022,WH-EAST,420,30,79,91,2025-11-13,133.43,WH-EAST-B-47,390,False,56040.600000000006
PROD-0022,WH-WEST,282,34,28,132,2025-10-20,129.67,WH-WEST-B-12,248,False,36566.939999999995
PROD-0022,WH-CENTRAL,297,25,57,169,2025-11-14,154.63,WH-CENTRAL-A-44,272,False,45925.11
PROD-0023,WH-EAST,384,31,96,188,2025-11-10,75.26,WH-EAST-B-06,353,False,28899.840000000004
PROD-0023,WH-WEST,308,16,27,135,2025-10-08,74.94,WH-WEST-B-29,292,False,23081.52
PROD-0023,WH-CENTRAL,385,34,97,92,2025-10-11,13.34,WH-CENTRAL-C-41,351,False,5135.9
PROD-0024,WH-EAST,74,38,53,188,2025-10-27,167.24,WH-EAST-A-37,36,False,12375.76
PROD-0024,WH-WEST,71,50,36,151,2025-12-01,165.57,WH-WEST-A-33,21,False,11755.47
PROD-0024,WH-CENTRAL,278,2,76,76,2025-10-31,5.79,WH-CENTRAL-C-43,276,False,1609.6200000000001
PROD-0025,WH-EAST,482,10,39,135,2025-11-05,27.8,WH-EAST-C-24,472,False,13399.6
PROD-0025,WH-WEST,280,25,76,150,2025-11-22,117.52,WH-WEST-C-27,255,False,32905.6
PROD-0025,WH-CENTRAL,352,48,23,107,2025-10-27,130.56,WH-CENTRAL-A-45,304,False,45957.12
PROD-0026,WH-EAST,458,48,34,50,2025-10-10,159.75,WH-EAST-C-07,410,False,73165.5
PROD-0026,WH-WEST,253,9,19,128,2025-11-21,152.38,WH-WEST-B-14,244,False,38552.14
PROD-0027,WH-EAST,0,11,97,68,2025-12-02,54.42,WH-EAST-A-28,-11,True,0.0
PROD-0027,WH-WEST,483,22,94,153,2025-12-06,141.07,WH-WEST-B-22,461,False,68136.81
PROD-0027,WH-CENTRAL,198,23,36,127,2025-11-09,125.76,WH-CENTRAL-B-41,175,False,24900.48
PROD-0028,WH-EAST,314,37,15,175,2025-12-04,102.5,WH-EAST-B-02,277,False,32185.0
PROD-0028,WH-WEST,130,44,70,148,2025-10-19,110.11,WH-WEST-A-28,86,False,14314.3
PROD-0028,WH-CENTRAL,352,37,89,139,2025-10-24,100.61,WH-CENTRAL-A-25,315,False,35414.72
PROD-0029,WH-EAST,19,31,21,171,2025-11-20,111.03,WH-EAST-A-16,-12,True,2109.57
PROD-0029,WH-WEST,370,45,90,74,2025-11-07,79.07,WH-WEST-B-16,325,False,29255.899999999998
PROD-0029,WH-CENTRAL,309,30,14,132,2025-11-17,112.76,WH-CENTRAL-C-29,279,False,34842.840000000004
PROD-0030,WH-EAST,110,39,62,74,2025-12-06,138.35,WH-EAST-C-44,71,False,15218.5
PROD-0030,WH-WEST,399,1,74,163,2025-12-02,102.9,WH-WEST-B-18,398,False,41057.100000000006
PROD-0030,WH-CENTRAL,356,36,59,187,2025-10-26,146.24,WH-CENTRAL-B-38,320,False,52061.44
PROD-0031,WH-EAST,60,44,76,175,2025-11-25,180.94,WH-EAST-B-11,16,True,10856.4
PROD-0031,WH-WEST,20,18,86,134,2025-11-09,26.39,WH-WEST-A-05,2,True,527.8
PROD-0031,WH-CENTRAL,101,30,72,113,2025-12-06,80.52,WH-CENTRAL-C-42,71,False,8132.5199999999995
PROD-0032,WH-EAST,463,11,58,61,2025-11-17,40.62,WH-EAST-B-44,452,False,18807.059999999998
PROD-0032,WH-WEST,298,31,39,163,2025-10-16,141.65,WH-WEST-A-07,267,False,42211.700000000004
PROD-0032,WH-CENTRAL,84,8,26,194,2025-12-05,90.43,WH-CENTRAL-B-45,76,False,7596.120000000001
PROD-0033,WH-EAST,220,1,100,184,2025-10-10,140.29,WH-EAST-C-35,219,False,30863.8
PROD-0033,WH-WEST,54,26,70,58,2025-11-19,90.08,WH-WEST-C-28,28,True,4864.32
PROD-0033,WH-CENTRAL,34,4,21,117,2025-10-11,189.99,WH-CENTRAL-B-31,30,False,6459.66
PROD-0034,WH-EAST,205,32,41,85,2025-11-29,9.7,WH-EAST-A-37,173,False,1988.4999999999998
PROD-0034,WH-WEST,95,42,35,164,2025-10-25,199.32,WH-WEST-B-36,53,False,18935.399999999998
PROD-0034,WH-CENTRAL,134,30,18,97,2025-10-30,85.58,WH-CENTRAL-C-03,104,False,11467.72
PROD-0035,WH-EAST,118,12,28,126,2025-11-28,150.6,WH-EAST-B-01,106,False,17770.8
PROD-0035,WH-WEST,190,3,75,53,2025-11-29,107.29,WH-WEST-B-38,187,False,20385.100000000002
PROD-0036,WH-EAST,96,42,70,172,2025-11-06,46.75,WH-EAST-A-25,54,False,4488.0
PROD-0036,WH-WEST,283,40,90,188,2025-10-13,161.75,WH-WEST-A-43,243,False,45775.25
PROD-0036,WH-CENTRAL,65,32,28,67,2025-11-06,105.11,WH-CENTRAL-A-37,33,False,6832.15
PROD-0037,WH-EAST,84,15,90,155,2025-10-14,127.0,WH-EAST-A-17,69,True,10668.0
PROD-0037,WH-WEST,208,3,65,60,2025-10-12,67.5,WH-WEST-B-02,205,False,14040.0
PROD-0037,WH-CENTRAL,98,42,57,150,2025-11-08,123.26,WH-CENTRAL-A-48,56,False,12079.480000000001
PROD-0038,WH-EAST,464,8,71,180,2025-10-11,84.27,WH-EAST-C-11,456,False,39101.28
PROD-0038,WH-WEST,123,38,76,123,2025-11-05,155.75,WH-WEST-B-39,85,False,19157.25
PROD-0038,WH-CENTRAL,15,26,18,193,2025-12-01,142.37,WH-CENTRAL-A-50,-11,True,2135.55
PROD-0039,WH-EAST,328,2,57,121,2025-11-11,59.76,WH-EAST-C-22,326,False,19601.28
PROD-0039,WH-WEST,155,34,87,133,2025-10-09,65.09,WH-WEST-B-33,121,False,10088.95
PROD-0039,WH-CENTRAL,249,24,98,200,2025-10-23,114.24,WH-CENTRAL-C-39,225,False,28445.76
PROD-0040,WH-EAST,306,42,83,85,2025-11-06,70.73,WH-EAST-C-32,264,False,21643.38
PROD-0040,WH-WEST,499,21,78,182,2025-10-28,128.12,WH-WEST-B-41,478,False,63931.880000000005
PROD-0040,WH-CENTRAL,137,17,46,181,2025-11-22,66.05,WH-CENTRAL-B-16,120,False,9048.85
PROD-0041,WH-EAST,289,12,54,128,2025-11-24,166.02,WH-EAST-C-44,277,False,47979.780000000006
PROD-0041,WH-WEST,210,17,43,158,2025-10-25,133.53,WH-WEST-C-09,193,False,28041.3
PROD-0041,WH-CENTRAL,410,49,98,125,2025-11-24,138.99,WH-CENTRAL-B-46,361,False,56985.9
PROD-0042,WH-EAST,277,35,51,102,2025-10-16,95.22,WH-EAST-C-12,242,False,26375.94
PROD-0042,WH-WEST,60,46,47,113,2025-11-23,121.64,WH-WEST-C-22,14,False,7298.4
PROD-0042,WH-CENTRAL,93,41,73,145,2025-11-21,81.37,WH-CENTRAL-C-18,52,False,7567.410000000001
PROD-0043,WH-EAST,477,36,68,187,2025-11-15,33.54,WH-EAST-C-05,441,False,15998.58
PROD-0043,WH-WEST,129,7,58,190,2025-11-11,5.64,WH-WEST-A-17,122,False,727.56
PROD-0043,WH-CENTRAL,475,31,68,190,2025-10-30,165.13,WH-CENTRAL-C-37,444,False,78436.75
PROD-0044,WH-EAST,215,12,44,63,2025-11-09,127.48,WH-EAST-B-39,203,False,27408.2
PROD-0044,WH-WEST,55,30,65,149,2025-11-16,28.29,WH-WEST-A-08,25,True,1555.95
PROD-0044,WH-CENTRAL,185,48,16,60,2025-10-13,18.7,WH-CENTRAL-A-36,137,False,3459.5
PROD-0045,WH-EAST,274,17,26,74,2025-10-08,149.89,WH-EAST-B-14,257,False,41069.85999999999
PROD-0045,WH-WEST,20,42,82,65,2025-12-06,26.73,WH-WEST-C-47,-22,True,534.6
PROD-0045,WH-CENTRAL,0,18,65,111,2025-11-22,47.99,WH-CENTRAL-C-37,-18,True,0.0
PROD-0046,WH-EAST,384,17,80,140,2025-10-14,51.09,WH-EAST-A-36,367,False,19618.56
PROD-0046,WH-WEST,299,20,38,93,2025-10-16,193.45,WH-WEST-B-14,279,False,57841.549999999996
PROD-0046,WH-CENTRAL,277,39,12,91,2025-12-01,116.39,WH-CENTRAL-C-18,238,False,32240.03
PROD-0047,WH-EAST,414,31,25,74,2025-11-21,169.85,WH-EAST-A-16,383,False,70317.9
PROD-0047,WH-WEST,235,39,31,94,2025-10-09,47.97,WH-WEST-A-01,196,False,11272.949999999999
PROD-0047,WH-CENTRAL,122,42,49,161,2025-10-30,172.87,WH-CENTRAL-B-29,80,False,21090.14
PROD-0048,WH-EAST,109,14,22,70,2025-11-10,143.92,WH-EAST-B-10,95,False,15687.279999999999
PROD-0048,WH-WEST,378,24,88,147,2025-12-05,110.55,WH-WEST-B-14,354,False,41787.9
PROD-0048,WH-CENTRAL,451,43,72,161,2025-10-17,175.65,WH-CENTRAL-B-21,408,False,79218.15000000001
PROD-0049,WH-EAST,10,31,74,149,2025-10-14,91.23,WH-EAST-A-24,-21,True,912.3000000000001
PROD-0049,WH-WEST,73,45,19,146,2025-11-26,158.67,WH-WEST-A-14,28,False,11582.91
PROD-0049,WH-CENTRAL,160,22,61,120,2025-11-21,144.41,WH-CENTRAL-A-25,138,False,23105.6
PROD-0050,WH-EAST,307,30,13,194,2025-11-21,130.87,WH-EAST-A-29,277,False,40177.090000000004
PROD-0050,WH-WEST,365,1,59,196,2025-11-14,75.11,WH-WEST-A-32,364,False,27415.15
PROD-0050,WH-CENTRAL,223,46,67,158,2025-12-01,90.29,WH-CENTRAL-B-15,177,False,20134.670000000002
PROD-0051,WH-EAST,137,23,43,172,2025-11-26,37.87,WH-EAST-C-42,114,False,5188.19
PROD-0051,WH-WEST,264,38,77,100,2025-10-13,12.08,WH-WEST-B-24,226,False,3189.12
PROD-0051,WH-CENTRAL,24,48,39,73,2025-10-22,183.59,WH-CENTRAL-A-40,-24,True,4406.16
PROD-0052,WH-EAST,0,35,16,114,2025-12-01,107.42,WH-EAST-B-29,-35,True,0.0
PROD-0052,WH-WEST,76,18,28,161,2025-11-19,174.85,WH-WEST-A-15,58,False,13288.6
PROD-0052,WH-CENTRAL,209,19,31,183,2025-12-02,50.2,WH-CENTRAL-A-40,190,False,10491.800000000001
PROD-0053,WH-EAST,26,36,93,95,2025-11-18,111.85,WH-EAST-B-11,-10,True,2908.1
PROD-0053,WH-CENTRAL,273,7,69,191,2025-10-19,76.94,WH-CENTRAL-A-10,266,False,21004.62
PROD-0054,WH-EAST,273,11,41,52,2025-11-16,171.8,WH-EAST-B-33,262,False,46901.4
PROD-0054,WH-WEST,0,1,74,179,2025-10-10,16.09,WH-WEST-A-11,-1,True,0.0
PROD-0054,WH-CENTRAL,24,30,29,83,2025-11-21,173.03,WH-CENTRAL-B-37,-6,True,4152.72
PROD-0055,WH-EAST,400,17,69,112,2025-11-07,39.15,WH-EAST-A-46,383,False,15660.0
PROD-0055,WH-WEST,127,10,91,60,2025-12-02,196.66,WH-WEST-A-01,117,False,24975.82
PROD-0055,WH-CENTRAL,147,29,77,175,2025-10-24,152.08,WH-CENTRAL-C-35,118,False,22355.760000000002
PROD-0056,WH-EAST,371,25,77,169,2025-10-26,188.94,WH-EAST-B-39,346,False,70096.74
PROD-0056,WH-WEST,295,45,61,114,2025-11-03,187.69,WH-WEST-A-33,250,False,55368.55
PROD-0056,WH-CENTRAL,439,31,26,59,2025-11-23,19.32,WH-CENTRAL-B-20,408,False,8481.48
PROD-0057,WH-EAST,59,38,62,147,2025-11-12,63.41,WH-EAST-A-21,21,True,3741.1899999999996
PROD-0057,WH-WEST,249,12,12,105,2025-11-09,156.14,WH-WEST-A-29,237,False,38878.85999999999
PROD-0057,WH-CENTRAL,442,37,27,127,2025-11-11,52.68,WH-CENTRAL-A-15,405,False,23284.56
PROD-0058,WH-EAST,0,28,42,174,2025-11-11,95.94,WH-EAST-B-24,-28,True,0.0
PROD-0058,WH-WEST,451,13,69,83,2025-11-10,192.13,WH-WEST-A-10,438,False,86650.63
PROD-0058,WH-CENTRAL,459,40,22,125,2025-11-13,15.36,WH-CENTRAL-B-25,419,False,7050.24
PROD-0059,WH-EAST,454,41,65,69,2025-10-29,62.32,WH-EAST-C-36,413,False,28293.28
PROD-0059,WH-WEST,244,2,71,67,2025-11-14,69.63,WH-WEST-B-33,242,False,16989.719999999998
PROD-0059,WH-CENTRAL,84,0,22,87,2025-10-20,143.67,WH-CENTRAL-B-04,84,False,12068.279999999999
PROD-0060,WH-EAST,12,32,37,183,2025-11-13,9.71,WH-EAST-B-22,-20,True,116.52000000000001
PROD-0060,WH-WEST,408,39,68,138,2025-10-28,68.68,WH-WEST-B-04,369,False,28021.440000000002
PROD-0060,WH-CENTRAL,410,33,84,81,2025-10-11,90.49,WH-CENTRAL-B-28,377,False,37100.9
PROD-0061,WH-EAST,0,32,14,190,2025-10-21,151.04,WH-EAST-C-05,-32,True,0.0
PROD-0061,WH-WEST,495,9,58,134,2025-10-25,144.28,WH-WEST-C-47,486,False,71418.6
PROD-0061,WH-CENTRAL,325,17,28,86,2025-10-19,183.42,WH-CENTRAL-A-40,308,False,59611.49999999999
PROD-0062,WH-EAST,196,17,60,106,2025-12-04,13.58,WH-EAST-A-09,179,False,2661.68
PROD-0062,WH-WEST,99,26,82,99,2025-11-10,160.9,WH-WEST-A-28,73,False,15929.1
PROD-0062,WH-CENTRAL,280,36,42,103,2025-12-06,198.25,WH-CENTRAL-A-03,244,False,55510.0
PROD-0063,WH-EAST,135,46,71,66,2025-11-22,96.32,WH-EAST-A-44,89,False,13003.199999999999
PROD-0063,WH-WEST,252,7,20,167,2025-10-16,180.38,WH-WEST-C-47,245,False,45455.76
PROD-0063,WH-CENTRAL,190,30,43,197,2025-11-01,111.85,WH-CENTRAL-C-22,160,False,21251.5
PROD-0064,WH-EAST,323,42,51,184,2025-11-27,135.21,WH-EAST-C-38,281,False,43672.83
PROD-0064,WH-WEST,266,43,45,112,2025-11-22,163.91,WH-WEST-B-31,223,False,43600.06
PROD-0064,WH-CENTRAL,139,21,75,126,2025-11-05,194.69,WH-CENTRAL-B-04,118,False,27061.91
PROD-0065,WH-EAST,487,37,48,115,2025-11-30,165.69,WH-EAST-C-15,450,False,80691.03
PROD-0065,WH-WEST,432,50,38,113,2025-11-07,181.51,WH-WEST-A-45,382,False,78412.31999999999
PROD-0065,WH-CENTRAL,277,32,56,155,2025-10-20,82.97,WH-CENTRAL-C-22,245,False,22982.69
PROD-0066,WH-EAST,153,5,41,91,2025-10-28,98.83,WH-EAST-C-05,148,False,15120.99
PROD-0066,WH-WEST,0,20,17,161,2025-11-11,163.94,WH-WEST-A-27,-20,True,0.0
PROD-0066,WH-CENTRAL,242,1,52,144,2025-11-29,65.06,WH-CENTRAL-B-32,241,False,15744.52
PROD-0067,WH-EAST,475,25,85,104,2025-11-11,88.87,WH-EAST-A-19,450,False,42213.25
PROD-0067,WH-WEST,124,39,31,136,2025-11-26,121.61,WH-WEST-C-25,85,False,15079.64
PROD-0067,WH-CENTRAL,436,5,22,71,2025-12-01,160.26,WH-CENTRAL-A-10,431,False,69873.36
PROD-0068,WH-EAST,276,27,73,73,2025-10-08,194.16,WH-EAST-C-42,249,False,53588.159999999996
PROD-0068,WH-WEST,77,3,10,170,2025-11-25,11.37,WH-WEST-B-24,74,False,875.4899999999999
PROD-0068,WH-CENTRAL,347,43,99,141,2025-10-25,116.54,WH-CENTRAL-A-11,304,False,40439.380000000005
PROD-0069,WH-EAST,457,19,52,75,2025-12-04,199.28,WH-EAST-A-03,438,False,91070.96
PROD-0069,WH-WEST,314,0,34,93,2025-10-10,81.22,WH-WEST-B-07,314,False,25503.079999999998
PROD-0069,WH-CENTRAL,136,37,47,184,2025-12-02,167.2,WH-CENTRAL-B-09,99,False,22739.199999999997
PROD-0070,WH-EAST,33,29,87,116,2025-11-26,130.48,WH-EAST-C-33,4,True,4305.839999999999
PROD-0070,WH-WEST,49,31,87,107,2025-10-23,60.32,WH-WEST-B-22,18,True,2955.68
PROD-0070,WH-CENTRAL,340,10,98,171,2025-10-16,93.24,WH-CENTRAL-C-20,330,False,31701.6
PROD-0071,WH-EAST,150,41,100,152,2025-11-10,162.36,WH-EAST-A-20,109,False,24354.000000000004
PROD-0071,WH-WEST,341,20,36,111,2025-11-07,34.0,WH-WEST-A-03,321,False,11594.0
PROD-0071,WH-CENTRAL,40,3,85,80,2025-11-27,26.0,WH-CENTRAL-B-09,37,True,1040.0
PROD-0072,WH-EAST,76,46,19,122,2025-10-18,69.88,WH-EAST-B-38,30,False,5310.879999999999
PROD-0072,WH-WEST,122,45,71,161,2025-11-10,28.91,WH-WEST-C-43,77,False,3527.02
PROD-0072,WH-CENTRAL,482,42,80,200,2025-11-17,187.8,WH-CENTRAL-A-31,440,False,90519.6
PROD-0073,WH-EAST,335,2,56,90,2025-11-11,42.34,WH-EAST-A-04,333,False,14183.900000000001
PROD-0073,WH-WEST,16,16,59,97,2025-10-15,102.04,WH-WEST-C-26,0,True,1632.64
PROD-0073,WH-CENTRAL,401,45,51,165,2025-11-28,164.08,WH-CENTRAL-C-46,356,False,65796.08
PROD-0074,WH-EAST,216,42,50,195,2025-10-12,141.47,WH-EAST-A-11,174,False,30557.52
PROD-0074,WH-WEST,488,16,63,73,2025-11-05,175.73,WH-WEST-B-10,472,False,85756.23999999999
PROD-0074,WH-CENTRAL,21,8,40,181,2025-10-29,101.59,WH-CENTRAL-B-13,13,True,2133.39
PROD-0075,WH-EAST,369,11,63,59,2025-10-18,6.8,WH-EAST-B-46,358,False,2509.2
PROD-0075,WH-WEST,175,39,57,136,2025-12-06,25.4,WH-WEST-C-13,136,False,4445.0
PROD-0075,WH-CENTRAL,108,9,52,179,2025-11-19,108.52,WH-CENTRAL-C-38,99,False,11720.16
PROD-0076,WH-EAST,0,39,35,161,2025-10-18,190.21,WH-EAST-A-30,-39,True,0.0
PROD-0076,WH-WEST,493,46,85,190,2025-11-18,110.06,WH-WEST-B-03,447,False,54259.58
PROD-0076,WH-CENTRAL,145,21,12,154,2025-10-30,127.27,WH-CENTRAL-A-31,124,False,18454.149999999998
PROD-0077,WH-EAST,424,26,69,196,2025-11-22,185.0,WH-EAST-C-15,398,False,78440.0
PROD-0077,WH-WEST,230,16,48,59,2025-10-15,49.75,WH-WEST-C-17,214,False,11442.5
PROD-0077,WH-CENTRAL,202,16,10,185,2025-11-22,12.91,WH-CENTRAL-B-16,186,False,2607.82
PROD-0078,WH-EAST,203,0,65,62,2025-12-02,161.47,WH-EAST-B-35,203,False,32778.409999999996
PROD-0078,WH-WEST,416,34,63,54,2025-11-04,174.37,WH-WEST-C-50,382,False,72537.92
PROD-0078,WH-CENTRAL,327,50,49,63,2025-11-05,197.83,WH-CENTRAL-A-35,277,False,64690.41
PROD-0079,WH-EAST,338,35,46,79,2025-10-13,50.79,WH-EAST-B-36,303,False,17167.02
PROD-0079,WH-WEST,371,21,32,189,2025-10-26,44.05,WH-WEST-C-28,350,False,16342.55
PROD-0079,WH-CENTRAL,40,21,92,112,2025-11-06,9.03,WH-CENTRAL-A-48,19,True,361.2
PROD-0080,WH-EAST,374,16,31,124,2025-10-25,55.13,WH-EAST-A-28,358,False,20618.620000000003
PROD-0080,WH-WEST,0,46,30,142,2025-11-30,154.19,WH-WEST-B-20,-46,True,0.0
PROD-0080,WH-CENTRAL,277,44,80,67,2025-12-02,196.65,WH-CENTRAL-A-01,233,False,54472.05
PROD-0081,WH-EAST,488,15,18,119,2025-11-25,27.11,WH-EAST-B-22,473,False,13229.68
PROD-0081,WH-WEST,62,32,78,169,2025-11-04,28.81,WH-WEST-C-40,30,True,1786.22
PROD-0081,WH-CENTRAL,142,50,20,141,2025-10-17,22.95,WH-CENTRAL-A-25,92,False,3258.9
PROD-0082,WH-EAST,412,12,79,114,2025-10-21,8.55,WH-EAST-C-50,400,False,3522.6000000000004
PROD-0082,WH-WEST,44,4,30,87,2025-11-15,36.27,WH-WEST-C-35,40,False,1595.88
PROD-0082,WH-CENTRAL,99,30,90,139,2025-12-05,71.34,WH-CENTRAL-B-49,69,False,7062.660000000001
PROD-0083,WH-EAST,221,6,75,153,2025-11-23,37.67,WH-EAST-C-41,215,False,8325.07
PROD-0083,WH-WEST,247,49,85,67,2025-10-20,49.22,WH-WEST-C-50,198,False,12157.34
PROD-0083,WH-CENTRAL,253,35,68,149,2025-11-16,130.29,WH-CENTRAL-A-03,218,False,32963.369999999995
PROD-0084,WH-EAST,18,28,34,50,2025-10-31,74.31,WH-EAST-C-24,-10,True,1337.58
PROD-0084,WH-WEST,332,21,63,51,2025-11-16,173.09,WH-WEST-A-09,311,False,57465.880000000005
PROD-0084,WH-CENTRAL,431,6,86,183,2025-11-01,154.39,WH-CENTRAL-C-09,425,False,66542.09
PROD-0085,WH-EAST,242,31,80,191,2025-10-21,153.51,WH-EAST-A-40,211,False,37149.42
PROD-0085,WH-WEST,415,2,91,131,2025-11-21,65.85,WH-WEST-B-19,413,False,27327.749999999996
PROD-0085,WH-CENTRAL,0,6,17,126,2025-10-25,193.0,WH-CENTRAL-A-45,-6,True,0.0
PROD-0086,WH-EAST,132,24,29,121,2025-11-15,170.7,WH-EAST-A-34,108,False,22532.399999999998
PROD-0086,WH-WEST,186,4,73,128,2025-10-20,63.46,WH-WEST-A-02,182,False,11803.56
PROD-0086,WH-CENTRAL,145,20,33,73,2025-10-12,31.8,WH-CENTRAL-C-39,125,False,4611.0
PROD-0087,WH-EAST,306,6,56,79,2025-11-30,195.05,WH-EAST-B-21,300,False,59685.3
PROD-0087,WH-WEST,454,7,33,197,2025-11-23,118.53,WH-WEST-A-15,447,False,53812.62
PROD-0087,WH-CENTRAL,25,17,49,190,2025-10-19,110.55,WH-CENTRAL-A-46,8,True,2763.75
PROD-0088,WH-EAST,281,36,98,189,2025-11-17,181.73,WH-EAST-C-20,245,False,51066.13
PROD-0088,WH-WEST,51,25,15,129,2025-10-09,176.2,WH-WEST-A-43,26,False,8986.199999999999
PROD-0088,WH-CENTRAL,170,17,16,85,2025-12-02,23.39,WH-CENTRAL-C-01,153,False,3976.3
PROD-0089,WH-EAST,54,30,15,170,2025-10-16,75.42,WH-EAST-C-07,24,False,4072.6800000000003
PROD-0089,WH-WEST,135,10,85,193,2025-10-10,159.85,WH-WEST-A-22,125,False,21579.75
PROD-0089,WH-CENTRAL,86,11,93,195,2025-10-23,174.0,WH-CENTRAL-C-02,75,True,14964.0
PROD-0090,WH-EAST,240,13,100,82,2025-11-26,148.88,WH-EAST-C-33,227,False,35731.2
PROD-0090,WH-CENTRAL,431,12,73,190,2025-11-21,16.58,WH-CENTRAL-A-40,419,False,7145.98
PROD-0091,WH-EAST,341,24,34,185,2025-11-18,72.13,WH-EAST-B-38,317,False,24596.329999999998
PROD-0091,WH-WEST,210,37,46,118,2025-11-21,125.2,WH-WEST-A-46,173,False,26292.0
PROD-0091,WH-CENTRAL,215,16,92,177,2025-12-06,195.67,WH-CENTRAL-B-38,199,False,42069.049999999996
PROD-0092,WH-EAST,97,47,42,82,2025-10-31,40.95,WH-EAST-C-38,50,False,3972.15
PROD-0092,WH-WEST,61,42,41,83,2025-10-22,12.84,WH-WEST-A-48,19,False,783.24
PROD-0092,WH-CENTRAL,23,46,19,151,2025-11-28,193.22,WH-CENTRAL-B-08,-23,False,4444.06
PROD-0093,WH-EAST,294,0,93,103,2025-10-22,26.6,WH-EAST-C-01,294,False,7820.400000000001
PROD-0093,WH-WEST,211,6,53,102,2025-11-08,33.15,WH-WEST-C-42,205,False,6994.65
PROD-0093,WH-CENTRAL,402,7,57,133,2025-11-10,78.85,WH-CENTRAL-C-44,395,False,31697.699999999997
PROD-0094,WH-EAST,140,28,94,101,2025-10-13,128.84,WH-EAST-A-25,112,False,18037.600000000002
PROD-0094,WH-WEST,180,12,95,112,2025-11-05,100.34,WH-WEST-B-28,168,False,18061.2
PROD-0094,WH-CENTRAL,25,16,10,160,2025-11-07,35.93,WH-CENTRAL-A-48,9,False,898.25
PROD-0095,WH-EAST,234,33,47,102,2025-11-10,26.53,WH-EAST-B-10,201,False,6208.02
PROD-0095,WH-WEST,145,17,32,159,2025-10-18,7.68,WH-WEST-C-05,128,False,1113.6
PROD-0095,WH-CENTRAL,300,29,54,127,2025-10-26,48.74,WH-CENTRAL-A-45,271,False,14622.0
PROD-0096,WH-EAST,442,17,71,149,2025-11-19,36.29,WH-EAST-A-29,425,False,16040.18
PROD-0096,WH-WEST,463,8,12,110,2025-10-26,99.75,WH-WEST-A-36,455,False,46184.25
PROD-0096,WH-CENTRAL,260,41,28,78,2025-11-19,145.64,WH-CENTRAL-C-17,219,False,37866.399999999994
PROD-0097,WH-EAST,353,6,44,182,2025-10-16,65.49,WH-EAST-B-02,347,False,23117.969999999998
PROD-0097,WH-WEST,32,36,23,111,2025-10-10,60.15,WH-WEST-A-49,-4,False,1924.8
PROD-0097,WH-CENTRAL,490,42,81,197,2025-10-16,185.26,WH-CENTRAL-A-41,448,False,90777.4
PROD-0098,WH-EAST,254,33,10,88,2025-12-05,68.84,WH-EAST-C-50,221,False,17485.36
PROD-0098,WH-WEST,283,26,82,137,2025-12-06,98.8,WH-WEST-A-07,257,False,27960.399999999998
PROD-0098,WH-CENTRAL,375,19,64,114,2025-10-23,161.9,WH-CENTRAL-C-13,356,False,60712.5
PROD-0099,WH-WEST,319,12,41,133,2025-12-04,172.27,WH-WEST-B-31,307,False,54954.130000000005
PROD-0099,WH-CENTRAL,388,15,78,135,2025-11-05,49.38,WH-CENTRAL-C-02,373,False,19159.440000000002
PROD-0100,WH-EAST,0,4,23,194,2025-10-10,31.71,WH-EAST-B-03,-4,True,0.0
PROD-0100,WH-WEST,104,29,62,186,2025-10-20,19.16,WH-WEST-C-36,75,False,1992.64
PROD-0100,WH-CENTRAL,225,45,27,106,2025-10-20,46.83,WH-CENTRAL-B-07,180,False,10536.75
PROD-0101,WH-EAST,18,16,11,200,2025-11-10,28.45,WH-EAST-B-42,2,False,512.1
PROD-0101,WH-WEST,301,28,36,73,2025-11-15,185.1,WH-WEST-C-08,273,False,55715.1
PROD-0101,WH-CENTRAL,47,16,86,187,2025-10-20,127.68,WH-CENTRAL-A-03,31,True,6000.96
PROD-0102,WH-EAST,243,44,45,188,2025-11-26,133.17,WH-EAST-C-47,199,False,32360.309999999998
PROD-0102,WH-WEST,3,31,37,155,2025-10-11,69.5,WH-WEST-A-33,-28,True,208.5
PROD-0102,WH-CENTRAL,298,14,83,121,2025-12-06,88.29,WH-CENTRAL-B-23,284,False,26310.420000000002
PROD-0103,WH-EAST,385,28,81,92,2025-12-05,149.09,WH-EAST-C-37,357,False,57399.65
PROD-0103,WH-WEST,0,42,45,99,2025-11-25,165.35,WH-WEST-A-48,-42,True,0.0
PROD-0103,WH-CENTRAL,23,46,32,100,2025-10-15,45.77,WH-CENTRAL-A-19,-23,True,1052.71
PROD-0104,WH-EAST,235,3,94,165,2025-11-22,125.64,WH-EAST-A-08,232,False,29525.4
PROD-0104,WH-WEST,371,46,36,143,2025-10-27,152.53,WH-WEST-B-44,325,False,56588.63
PROD-0104,WH-CENTRAL,221,9,98,66,2025-10-14,180.73,WH-CENTRAL-B-25,212,False,39941.329999999994
PROD-0105,WH-EAST,3,10,57,58,2025-11-02,39.14,WH-EAST-B-07,-7,True,117.42
PROD-0105,WH-WEST,43,48,30,104,2025-12-02,34.98,WH-WEST-A-28,-5,False,1504.1399999999999
PROD-0105,WH-CENTRAL,117,44,31,118,2025-10-22,106.45,WH-CENTRAL-C-44,73,False,12454.65
PROD-0106,WH-EAST,271,37,84,134,2025-10-11,93.35,WH-EAST-C-35,234,False,25297.85
PROD-0106,WH-WEST,338,36,37,164,2025-11-09,38.57,WH-WEST-B-18,302,False,13036.66
PROD-0106,WH-CENTRAL,161,16,87,104,2025-10-08,148.02,WH-CENTRAL-A-13,145,False,23831.22
PROD-0107,WH-WEST,407,44,26,63,2025-11-22,148.72,WH-WEST-C-08,363,False,60529.04
PROD-0107,WH-CENTRAL,286,30,60,198,2025-10-22,148.83,WH-CENTRAL-A-04,256,False,42565.380000000005
PROD-0108,WH-EAST,265,11,78,109,2025-10-16,29.65,WH-EAST-A-33,254,False,7857.25
PROD-0108,WH-WEST,439,38,79,68,2025-11-21,110.11,WH-WEST-A-22,401,False,48338.29
PROD-0108,WH-CENTRAL,268,34,21,116,2025-11-20,69.75,WH-CENTRAL-A-12,234,False,18693.0
PROD-0109,WH-EAST,22,27,72,102,2025-11-28,161.56,WH-EAST-A-45,-5,True,3554.32
PROD-0109,WH-WEST,325,5,76,87,2025-10-28,91.26,WH-WEST-B-47,320,False,29659.5
PROD-0109,WH-CENTRAL,324,34,20,132,2025-11-07,37.1,WH-CENTRAL-B-22,290,False,12020.4
PROD-0110,WH-EAST,15,2,11,56,2025-10-18,134.65,WH-EAST-A-47,13,False,2019.75
PROD-0110,WH-WEST,15,5,51,92,2025-10-19,149.73,WH-WEST-C-38,10,True,2245.95
PROD-0110,WH-CENTRAL,41,5,98,98,2025-11-06,190.85,WH-CENTRAL-A-29,36,True,7824.849999999999
PROD-0111,WH-EAST,401,34,92,145,2025-12-03,158.56,WH-EAST-C-39,367,False,63582.56
PROD-0111,WH-WEST,13,46,29,140,2025-11-16,78.91,WH-WEST-A-33,-33,True,1025.83
PROD-0111,WH-CENTRAL,330,18,47,116,2025-11-26,21.58,WH-CENTRAL-A-39,312,False,7121.4
PROD-0112,WH-EAST,342,36,79,172,2025-11-18,100.77,WH-EAST-A-10,306,False,34463.34
PROD-0112,WH-WEST,89,48,46,178,2025-10-28,158.72,WH-WEST-B-25,41,False,14126.08
PROD-0112,WH-CENTRAL,240,2,74,161,2025-11-07,10.12,WH-CENTRAL-C-04,238,False,2428.7999999999997
PROD-0113,WH-EAST,0,42,43,112,2025-11-12,72.34,WH-EAST-B-06,-42,True,0.0
PROD-0113,WH-WEST,185,46,76,120,2025-11-03,34.24,WH-WEST-B-37,139,False,6334.400000000001
PROD-0113,WH-CENTRAL,62,15,62,88,2025-10-16,57.53,WH-CENTRAL-A-21,47,True,3566.86
PROD-0114,WH-EAST,189,42,16,143,2025-11-17,165.21,WH-EAST-C-25,147,False,31224.690000000002
PROD-0114,WH-WEST,373,2,80,60,2025-10-27,96.6,WH-WEST-B-14,371,False,36031.799999999996
PROD-0114,WH-CENTRAL,123,26,87,192,2025-11-07,125.53,WH-CENTRAL-A-50,97,False,15440.19
PROD-0115,WH-EAST,319,49,91,184,2025-11-25,29.52,WH-EAST-A-18,270,False,9416.88
PROD-0115,WH-WEST,410,3,25,150,2025-11-20,167.81,WH-WEST-A-36,407,False,68802.1
PROD-0115,WH-CENTRAL,0,33,10,116,2025-10-27,147.99,WH-CENTRAL-C-12,-33,True,0.0
PROD-0116,WH-EAST,280,30,73,113,2025-11-03,42.8,WH-EAST-C-49,250,False,11984.0
PROD-0116,WH-WEST,96,33,92,66,2025-11-11,57.22,WH-WEST-A-44,63,False,5493.12
PROD-0116,WH-CENTRAL,33,9,99,152,2025-10-28,137.19,WH-CENTRAL-C-11,24,True,4527.2699999999995
PROD-0117,WH-EAST,267,36,92,128,2025-11-10,63.03,WH-EAST-A-16,231,False,16829.010000000002
PROD-0117,WH-WEST,450,26,26,144,2025-10-21,146.42,WH-WEST-C-28,424,False,65889.0
PROD-0117,WH-CENTRAL,109,6,49,114,2025-12-01,95.08,WH-CENTRAL-A-25,103,False,10363.72
PROD-0118,WH-EAST,149,40,59,90,2025-11-14,189.5,WH-EAST-B-49,109,False,28235.5
PROD-0118,WH-WEST,148,2,33,153,2025-10-17,49.67,WH-WEST-C-24,146,False,7351.16
PROD-0118,WH-CENTRAL,174,34,97,97,2025-11-18,42.38,WH-CENTRAL-C-02,140,False,7374.120000000001
PROD-0119,WH-EAST,342,5,70,146,2025-11-17,85.18,WH-EAST-B-19,337,False,29131.56
PROD-0119,WH-WEST,262,36,77,179,2025-10-09,184.02,WH-WEST-A-47,226,False,48213.240000000005
PROD-0119,WH-CENTRAL,55,23,40,192,2025-10-23,102.69,WH-CENTRAL-A-18,32,False,5647.95
PROD-0120,WH-EAST,169,46,27,169,2025-10-28,167.19,WH-EAST-A-44,123,False,28255.11
PROD-0120,WH-WEST,352,21,14,124,2025-10-24,129.62,WH-WEST-B-16,331,False,45626.240000000005
PROD-0120,WH-CENTRAL,104,13,36,140,2025-11-24,166.56,WH-CENTRAL-B-38,91,False,17322.24
PROD-0121,WH-EAST,161,45,25,151,2025-10-21,48.27,WH-EAST-A-07,116,False,7771.47
PROD-0121,WH-WEST,46,6,86,166,2025-11-03,95.96,WH-WEST-A-35,40,True,4414.16
PROD-0121,WH-CENTRAL,24,38,35,111,2025-10-30,22.83,WH-CENTRAL-C-13,-14,True,547.92
PROD-0122,WH-EAST,252,13,27,153,2025-10-26,67.99,WH-EAST-A-03,239,False,17133.48
PROD-0122,WH-WEST,451,26,14,69,2025-12-01,184.04,WH-WEST-C-49,425,False,83002.04
PROD-0122,WH-CENTRAL,258,31,51,149,2025-11-30,95.03,WH-CENTRAL-C-27,227,False,24517.74
PROD-0123,WH-EAST,398,35,77,52,2025-12-06,182.74,WH-EAST-A-02,363,False,72730.52
PROD-0123,WH-WEST,415,1,85,77,2025-11-15,156.83,WH-WEST-A-36,414,False,65084.450000000004
PROD-0123,WH-CENTRAL,65,38,77,53,2025-11-21,139.24,WH-CENTRAL-B-31,27,True,9050.6
PROD-0124,WH-EAST,326,44,73,117,2025-10-21,60.31,WH-EAST-C-08,282,False,19661.06
PROD-0124,WH-WEST,491,46,63,50,2025-10-11,126.11,WH-WEST-A-26,445,False,61920.01
PROD-0124,WH-CENTRAL,188,39,54,84,2025-10-11,16.3,WH-CENTRAL-B-39,149,False,3064.4
PROD-0125,WH-EAST,0,7,77,197,2025-11-18,26.23,WH-EAST-B-15,-7,True,0.0
PROD-0125,WH-WEST,118,25,77,172,2025-11-15,168.42,WH-WEST-C-09,93,False,19873.559999999998
PROD-0125,WH-CENTRAL,387,26,34,93,2025-10-15,145.98,WH-CENTRAL-A-39,361,False,56494.259999999995
PROD-0126,WH-EAST,308,32,28,68,2025-11-21,93.0,WH-EAST-B-22,276,False,28644.0
PROD-0126,WH-WEST,214,4,21,115,2025-10-08,12.11,WH-WEST-C-47,210,False,2591.54
PROD-0126,WH-CENTRAL,150,8,76,187,2025-11-10,188.43,WH-CENTRAL-A-24,142,False,28264.5
PROD-0127,WH-EAST,322,1,53,110,2025-11-05,187.44,WH-EAST-B-28,321,False,60355.68
PROD-0127,WH-WEST,494,50,15,182,2025-10-23,23.72,WH-WEST-C-09,444,False,11717.68
PROD-0127,WH-CENTRAL,218,49,12,60,2025-11-24,175.59,WH-CENTRAL-A-34,169,False,38278.62
PROD-0128,WH-EAST,453,13,56,149,2025-11-11,177.49,WH-EAST-A-49,440,False,80402.97
PROD-0128,WH-WEST,13,24,29,166,2025-12-02,67.47,WH-WEST-C-14,-11,True,877.11
PROD-0128,WH-CENTRAL,51,11,37,115,2025-10-10,71.4,WH-CENTRAL-A-28,40,False,3641.4
PROD-0129,WH-EAST,260,35,33,161,2025-10-31,26.21,WH-EAST-C-32,225,False,6814.6
PROD-0129,WH-WEST,217,48,81,86,2025-10-28,46.12,WH-WEST-C-17,169,False,10008.039999999999
PROD-0129,WH-CENTRAL,148,47,15,79,2025-11-21,64.28,WH-CENTRAL-C-01,101,False,9513.44
PROD-0130,WH-EAST,406,33,67,99,2025-11-15,63.2,WH-EAST-B-43,373,False,25659.2
PROD-0130,WH-WEST,467,35,77,84,2025-11-10,13.99,WH-WEST-A-42,432,False,6533.33
PROD-0130,WH-CENTRAL,191,39,25,63,2025-11-30,135.07,WH-CENTRAL-B-45,152,False,25798.37
PROD-0131,WH-EAST,355,1,87,62,2025-11-04,76.81,WH-EAST-C-38,354,False,27267.55
PROD-0131,WH-WEST,362,4,47,123,2025-10-31,40.45,WH-WEST-A-46,358,False,14642.900000000001
PROD-0131,WH-CENTRAL,231,16,84,92,2025-11-11,152.46,WH-CENTRAL-C-37,215,False,35218.26
PROD-0132,WH-EAST,319,40,63,196,2025-10-16,78.29,WH-EAST-C-19,279,False,24974.510000000002
PROD-0132,WH-WEST,425,35,92,166,2025-12-01,178.38,WH-WEST-B-10,390,False,75811.5
PROD-0132,WH-CENTRAL,274,50,56,198,2025-11-12,129.17,WH-CENTRAL-C-16,224,False,35392.579999999994
PROD-0133,WH-EAST,75,21,82,76,2025-11-18,9.15,WH-EAST-C-20,54,True,686.25
PROD-0133,WH-WEST,291,39,34,94,2025-10-11,42.12,WH-WEST-A-50,252,False,12256.92
PROD-0133,WH-CENTRAL,413,14,47,86,2025-10-18,193.98,WH-CENTRAL-B-37,399,False,80113.73999999999
PROD-0134,WH-EAST,286,3,62,55,2025-11-01,97.23,WH-EAST-B-41,283,False,27807.780000000002
PROD-0134,WH-WEST,60,29,63,57,2025-10-26,91.19,WH-WEST-C-14,31,True,5471.4
PROD-0134,WH-CENTRAL,158,35,39,183,2025-10-29,47.98,WH-CENTRAL-C-43,123,False,7580.839999999999
PROD-0135,WH-WEST,459,35,12,122,2025-10-15,5.6,WH-WEST-B-27,424,False,2570.3999999999996
PROD-0135,WH-CENTRAL,454,42,25,86,2025-10-10,140.55,WH-CENTRAL-C-28,412,False,63809.700000000004
PROD-0136,WH-EAST,174,1,80,87,2025-11-11,120.15,WH-EAST-B-35,173,False,20906.100000000002
PROD-0136,WH-WEST,346,9,65,118,2025-12-01,157.8,WH-WEST-B-37,337,False,54598.8
PROD-0136,WH-CENTRAL,193,22,62,68,2025-10-08,166.7,WH-CENTRAL-A-36,171,False,32173.1
PROD-0137,WH-EAST,246,27,22,87,2025-10-18,42.11,WH-EAST-C-21,219,False,10359.06
PROD-0137,WH-WEST,292,21,25,114,2025-10-14,42.45,WH-WEST-B-26,271,False,12395.400000000001
PROD-0137,WH-CENTRAL,277,9,40,200,2025-10-17,155.76,WH-CENTRAL-C-18,268,False,43145.52
PROD-0138,WH-EAST,320,2,13,92,2025-11-06,151.7,WH-EAST-A-01,318,False,48544.0
PROD-0138,WH-WEST,341,32,65,150,2025-10-09,177.62,WH-WEST-A-04,309,False,60568.42
PROD-0138,WH-CENTRAL,59,48,59,178,2025-11-24,19.64,WH-CENTRAL-C-13,11,True,1158.76
PROD-0139,WH-EAST,416,39,52,56,2025-12-03,189.34,WH-EAST-B-34,377,False,78765.44
PROD-0139,WH-WEST,28,39,92,121,2025-12-01,62.14,WH-WEST-C-05,-11,True,1739.92
PROD-0139,WH-CENTRAL,439,47,51,63,2025-11-07,84.52,WH-CENTRAL-A-41,392,False,37104.28
PROD-0140,WH-EAST,267,12,84,163,2025-10-26,85.17,WH-EAST-A-04,255,False,22740.39
PROD-0140,WH-WEST,373,23,38,121,2025-11-19,8.28,WH-WEST-B-29,350,False,3088.4399999999996
PROD-0140,WH-CENTRAL,226,38,46,150,2025-11-26,16.35,WH-CENTRAL-B-09,188,False,3695.1000000000004
PROD-0141,WH-EAST,371,25,62,83,2025-10-29,31.75,WH-EAST-A-36,346,False,11779.25
PROD-0141,WH-WEST,408,5,72,171,2025-10-08,79.97,WH-WEST-A-11,403,False,32627.76
PROD-0141,WH-CENTRAL,289,44,87,67,2025-10-18,156.66,WH-CENTRAL-A-26,245,False,45274.74
PROD-0142,WH-EAST,479,33,96,186,2025-11-20,18.1,WH-EAST-A-13,446,False,8669.900000000001
PROD-0142,WH-WEST,103,29,39,72,2025-10-08,30.87,WH-WEST-B-23,74,False,3179.61
PROD-0142,WH-CENTRAL,366,10,35,138,2025-10-09,192.4,WH-CENTRAL-A-30,356,False,70418.40000000001
PROD-0143,WH-EAST,278,5,69,52,2025-11-23,170.66,WH-EAST-A-44,273,False,47443.479999999996
PROD-0143,WH-WEST,52,5,87,91,2025-12-06,79.07,WH-WEST-A-49,47,True,4111.639999999999
PROD-0143,WH-CENTRAL,216,15,75,131,2025-11-28,96.21,WH-CENTRAL-C-37,201,False,20781.359999999997
PROD-0144,WH-EAST,499,22,58,81,2025-11-24,47.56,WH-EAST-A-43,477,False,23732.440000000002
PROD-0144,WH-WEST,279,18,49,117,2025-10-30,14.59,WH-WEST-A-38,261,False,4070.61
PROD-0144,WH-CENTRAL,165,3,28,151,2025-11-18,104.5,WH-CENTRAL-A-28,162,False,17242.5
PROD-0145,WH-EAST,141,18,16,110,2025-11-08,44.95,WH-EAST-B-07,123,False,6337.950000000001
PROD-0145,WH-WEST,203,30,78,77,2025-10-08,32.65,WH-WEST-B-48,173,False,6627.95
PROD-0145,WH-CENTRAL,404,31,95,181,2025-11-26,183.46,WH-CENTRAL-A-01,373,False,74117.84
PROD-0146,WH-EAST,426,10,91,73,2025-10-11,100.86,WH-EAST-C-35,416,False,42966.36
PROD-0146,WH-WEST,423,11,23,99,2025-11-20,106.29,WH-WEST-B-11,412,False,44960.670000000006
PROD-0146,WH-CENTRAL,293,34,53,175,2025-10-17,147.59,WH-CENTRAL-C-29,259,False,43243.87
PROD-0147,WH-EAST,119,48,64,109,2025-10-12,165.4,WH-EAST-A-08,71,False,19682.600000000002
PROD-0147,WH-WEST,434,32,32,189,2025-10-24,199.2,WH-WEST-B-02,402,False,86452.79999999999
PROD-0147,WH-CENTRAL,173,14,83,165,2025-10-20,9.47,WH-CENTRAL-C-38,159,False,1638.3100000000002
PROD-0148,WH-EAST,278,46,91,159,2025-11-11,137.75,WH-EAST-A-30,232,False,38294.5
PROD-0148,WH-WEST,244,44,17,153,2025-10-12,187.95,WH-WEST-A-26,200,False,45859.799999999996
PROD-0148,WH-CENTRAL,265,49,28,53,2025-11-13,154.08,WH-CENTRAL-B-35,216,False,40831.200000000004
PROD-0149,WH-EAST,73,5,94,93,2025-11-25,48.66,WH-EAST-B-21,68,True,3552.18
PROD-0149,WH-WEST,345,10,21,150,2025-10-24,175.32,WH-WEST-B-01,335,False,60485.399999999994
PROD-0149,WH-CENTRAL,397,21,79,164,2025-10-08,25.46,WH-CENTRAL-B-26,376,False,10107.62
PROD-0150,WH-EAST,291,9,19,183,2025-10-26,155.17,WH-EAST-A-05,282,False,45154.469999999994
PROD-0150,WH-WEST,292,8,51,195,2025-11-11,193.94,WH-WEST-C-03,284,False,56630.479999999996
PROD-0150,WH-CENTRAL,0,37,78,118,2025-11-21,88.84,WH-CENTRAL-C-35,-37,True,0.0
